{
  "261136679": [
    {
      "tic_id": 261136679,
      "candidate_number": 1,
      "period": 6.2626133244568365,
      "t0": 1325.51675272685,
      "duration_days": 0.11889232303845637,
      "duration_hours": 2.853415752922953,
      "depth": 0.00027841342983170314,
      "depth_ppm": 278.4134298317031,
      "snr": 46.42917844724562,
      "n_transits": 5,
      "bls_power": 1188.5695502363092,
      "tls_sde": 16.24264351870034,
      "bls_fap": 1.0,
      "tier": "tier1",
      "snr_category": "high",
      "TIC_ID": 261136679,
      "r_star": 1.14889002,
      "t_eff": 5992.10009766,
      "crowdsap": 0.99965841,
      "stellar_activity_flag": false,
      "vetting_passed": true,
      "hard_rejection_cause": "NONE",
      "batman_fit": false,
      "multiplicity_boost_applied": false,
      "notes": "",
      "r_planet_earth_radii": 2.0909938255574696,
      "class_label": "PLANET",
      "confidence_planet": 0.9771450957964088,
      "confidence_eb": 0.012469370329424247,
      "confidence_blend": 0.010385533874166778,
      "confidence_other": 0.0
    },
    {
      "tic_id": 261136679,
      "candidate_number": 2,
      "period": 6.268891695943956,
      "t0": 1325.4569604950605,
      "duration_days": 0.025,
      "duration_hours": 0.6000000000000001,
      "depth": 0.00024138990437382656,
      "depth_ppm": 241.38990437382657,
      "snr": 7.342071087269053,
      "n_transits": 4,
      "bls_power": 51.399742748827464,
      "tls_sde": 4.342210321848319,
      "bls_fap": 1.0,
      "tier": "tier2",
      "snr_category": "standard",
      "TIC_ID": 261136679,
      "r_star": 1.14889002,
      "t_eff": 5992.10009766,
      "crowdsap": 0.99965841,
      "stellar_activity_flag": false,
      "vetting_passed": true,
      "hard_rejection_cause": "NONE",
      "batman_fit": false,
      "multiplicity_boost_applied": true,
      "notes": "",
      "r_planet_earth_radii": 1.9470056486194585,
      "class_label": "PLANET",
      "confidence_planet": 0.95,
      "confidence_eb": 0.06612603128182122,
      "confidence_blend": 0.02540849223994533,
      "confidence_other": 0.0
    },
    {
      "tic_id": 261136679,
      "candidate_number": 3,
      "period": 6.984595577359387,
      "t0": 1327.2719604950603,
      "duration_days": 0.07,
      "duration_hours": 1.6800000000000002,
      "depth": 6.715245480848267e-05,
      "depth_ppm": 67.15245480848267,
      "snr": 7.174463005373777,
      "n_transits": 3,
      "bls_power": 48.82798759270706,
      "tls_sde": 4.452686316724785,
      "bls_fap": 1.0,
      "tier": "tier2",
      "snr_category": "standard",
      "TIC_ID": 261136679,
      "r_star": 1.14889002,
      "t_eff": 5992.10009766,
      "crowdsap": 0.99965841,
      "stellar_activity_flag": false,
      "vetting_passed": true,
      "hard_rejection_cause": "NONE",
      "batman_fit": false,
      "multiplicity_boost_applied": false,
      "notes": "",
      "r_planet_earth_radii": 1.0269247164777797,
      "class_label": "PLANET",
      "confidence_planet": 0.9802229254240528,
      "confidence_eb": 0.009738902128699474,
      "confidence_blend": 0.010038172447247784,
      "confidence_other": 0.0
    },
    {
      "tic_id": 261136679,
      "candidate_number": 4,
      "period": 8.223514754528484,
      "t0": 1333.167630202139,
      "duration_days": 0.15830953022144478,
      "duration_hours": 3.799428725314675,
      "depth": 4.6147681247221684e-05,
      "depth_ppm": 46.14768124722168,
      "snr": 6.813213646063089,
      "n_transits": 3,
      "bls_power": 44.84735342131063,
      "tls_sde": 5.270956722609276,
      "bls_fap": 1.0,
      "tier": "marginal_unvetted",
      "snr_category": "weak",
      "TIC_ID": 261136679,
      "r_star": 1.14889002,
      "t_eff": 5992.10009766,
      "crowdsap": 0.99965841,
      "stellar_activity_flag": false,
      "vetting_passed": true,
      "hard_rejection_cause": "NONE",
      "batman_fit": false,
      "multiplicity_boost_applied": false,
      "notes": "",
      "r_planet_earth_radii": NaN
    }
  ],
  "29857954": [
    {
      "tic_id": 29857954,
      "candidate_number": 1,
      "period": 9.470296370808816,
      "t0": 2066.121426096655,
      "duration_days": 0.19705163203500453,
      "duration_hours": 4.729239168840109,
      "depth": 0.003073112700690217,
      "depth_ppm": 3073.112700690217,
      "snr": 33.92171142007954,
      "n_transits": 2,
      "bls_power": 231.5753608417246,
      "tls_sde": 12.402780022967772,
      "bls_fap": 1.0,
      "tier": "tier1",
      "snr_category": "high",
      "TIC_ID": 29857954,
      "r_star": 1.78866005,
      "t_eff": 5759.0,
      "crowdsap": 0.98573661,
      "stellar_activity_flag": false,
      "vetting_passed": true,
      "hard_rejection_cause": "NONE",
      "batman_fit": false,
      "multiplicity_boost_applied": false,
      "notes": "",
      "r_planet_earth_radii": 10.815491343818957,
      "class_label": "PLANET",
      "confidence_planet": 0.9800063517103443,
      "confidence_eb": 0.009748172960241752,
      "confidence_blend": 0.010245475329413856,
      "confidence_other": 0.0
    },
    {
      "tic_id": 29857954,
      "candidate_number": 2,
      "period": 0.5559678836708923,
      "t0": 2062.254183439519,
      "duration_days": 0.075,
      "duration_hours": 1.7999999999999998,
      "depth": 0.00025074518613961547,
      "depth_ppm": 250.74518613961547,
      "snr": 6.702850925565311,
      "n_transits": 40,
      "bls_power": 21.631477513881766,
      "tls_sde": 4.280866934140973,
      "bls_fap": 1.0,
      "tier": "marginal_unvetted",
      "snr_category": "weak",
      "TIC_ID": 29857954,
      "r_star": 1.78866005,
      "t_eff": 5759.0,
      "crowdsap": 0.98573661,
      "stellar_activity_flag": false,
      "vetting_passed": true,
      "hard_rejection_cause": "NONE",
      "batman_fit": false,
      "multiplicity_boost_applied": false,
      "notes": "",
      "r_planet_earth_radii": NaN
    }
  ],
  "307210830": [
    {
      "tic_id": 307210830,
      "candidate_number": 1,
      "period": 3.689737800788945,
      "t0": 1356.2050111113133,
      "duration_days": 0.04195458878851324,
      "duration_hours": 1.0069101309243178,
      "depth": 0.0018299965797948792,
      "depth_ppm": 1829.9965797948792,
      "snr": 31.030442943752366,
      "n_transits": 7,
      "bls_power": 460.23781655562,
      "tls_sde": 22.159844410133612,
      "bls_fap": 1.0,
      "tier": "tier1",
      "snr_category": "high",
      "TIC_ID": 307210830,
      "r_star": 0.31415999,
      "t_eff": 3429.0,
      "crowdsap": 0.99693292,
      "stellar_activity_flag": false,
      "vetting_passed": true,
      "hard_rejection_cause": "NONE",
      "batman_fit": false,
      "multiplicity_boost_applied": false,
      "notes": "",
      "r_planet_earth_radii": 1.4659029428948596,
      "class_label": "PLANET",
      "confidence_planet": 0.9799531349647065,
      "confidence_eb": 0.009767906745380328,
      "confidence_blend": 0.010278958289913267,
      "confidence_other": 0.0
    },
    {
      "tic_id": 307210830,
      "candidate_number": 2,
      "period": 7.451923134419718,
      "t0": 1355.284729541974,
      "duration_days": 0.03390823937736809,
      "duration_hours": 0.8137977450568341,
      "depth": 0.0015736957345842129,
      "depth_ppm": 1573.695734584213,
      "snr": 20.085807092753672,
      "n_transits": 4,
      "bls_power": 160.76549504637362,
      "tls_sde": 25.95494640758658,
      "bls_fap": 1.0,
      "tier": "tier1",
      "snr_category": "high",
      "TIC_ID": 307210830,
      "r_star": 0.31415999,
      "t_eff": 3429.0,
      "crowdsap": 0.99693292,
      "stellar_activity_flag": false,
      "vetting_passed": true,
      "hard_rejection_cause": "NONE",
      "batman_fit": false,
      "multiplicity_boost_applied": false,
      "notes": "",
      "r_planet_earth_radii": 1.3593787025805375,
      "class_label": "PLANET",
      "confidence_planet": 0.9617227431867899,